<rss version="2.0"
	xmlns:content="http://purl.org/rss/1.0/modules/content/"
	xmlns:wfw="http://wellformedweb.org/CommentAPI/"
	xmlns:dc="http://purl.org/dc/elements/1.1/"
	xmlns:atom="http://www.w3.org/2005/Atom"
	xmlns:sy="http://purl.org/rss/1.0/modules/syndication/"
	xmlns:slash="http://purl.org/rss/1.0/modules/slash/"
	>

<channel>
	<title>Blog Minuto</title>
	<atom:link href="http://blogminuto.azurewebsites.net/feed/" rel="self" type="application/rss+xml" />
	<link>http://blogminuto.azurewebsites.net</link>
	<description>Dicas e notícias sobre Seguros</description>
	<lastBuildDate>Thu, 14 May 2015 20:46:18 +0000</lastBuildDate>
	<language>pt-BR</language>
		<sy:updatePeriod>hourly</sy:updatePeriod>
		<sy:updateFrequency>1</sy:updateFrequency>
	<generator>http://wordpress.org/?v=4.0.5</generator>
	<item>
		<title>Dia do Seguro: conheça sua história</title>
		<link>http://blogminuto.azurewebsites.net/seguros/dia-do-seguro-conheca-historia/</link>
		<comments>http://blogminuto.azurewebsites.net/seguros/dia-do-seguro-conheca-historia/#comments</comments>
		<pubDate>Thu, 14 May 2015 20:44:26 +0000</pubDate>
		<dc:creator><![CDATA[Ique Muniz]]></dc:creator>
				<category><![CDATA[Seguros]]></category>

		<guid isPermaLink="false">http://blogminuto.azurewebsites.net/?p=14502</guid>
		<description><![CDATA[<p>14 de Maio é uma data que há mais de 50 anos está marcada como Dia do Seguro, ao menos para todos os países da América&#8230;</p>
<p>The post <a rel="nofollow" href="http://blogminuto.azurewebsites.net/seguros/dia-do-seguro-conheca-historia/">Dia do Seguro: conheça sua história</a> appeared first on <a rel="nofollow" href="http://blogminuto.azurewebsites.net">Blog Minuto</a>.</p>
<div class='yarpp-related-rss yarpp-related-none'>

No related posts.
</div>
]]></description>
				<content:encoded><![CDATA[<p><a href="http://blogminuto.azurewebsites.net/wp-content/uploads/2015/05/dia-do-seguro-thumb.jpg"><img class="alignright  wp-image-14511" src="http://blogminuto.azurewebsites.net/wp-content/uploads/2015/05/dia-do-seguro-thumb.jpg" alt="Dia do Seguro" width="257" height="183" /></a>14 de Maio é uma data que há mais de 50 anos está marcada como <strong>Dia do Seguro</strong>, ao menos para todos os países da América e na Espanha. O marco é uma homenagem à primeira Conferência Hemisférica de Seguros, realizada em 1946, em Nova York.</p>
<p>Dois anos depois, a segunda edição do evento aconteceu no México e, entre os assuntos discutidos, fixou-se 14 de Maio como o Dia Continental do Seguro e foi criada a Fides, Federação Interamericana de Seguros.</p>
<p>As comemorações do Dia do Seguro são simbólicas e servem para chamar a atenção para a importância desse produto que, ao longo dos anos, foi evoluindo para levar ainda mais proteção e tranquilidade aos consumidores.</p>
<h2><strong>História do Seguro</strong></h2>
<p>O conceito de indenizar um bem é bastante antigo. Temos como os primeiros registros da prática registros de 3000 a 2000 anos a.C, onde pastores caldeus montaram uma espécie de cooperativa para repor o gado perdido do seu povo. No mesmo período, babilônios firmavam convênios antes das caravanas no deserto para garantir o pagamento de novos camelos para aqueles perdessem seus animais no trajeto.</p>
<p>Em 1600 a.C, os fenícios avançaram na prática ao criar convenções que ofereciam novos barcos aos navegadores que sofressem com problemas no mar. Enfim, ao longo dos anos, diversos exemplos surgiram.</p>
<p>A primeira legislação, de fato, sobre seguros é datada de 1318 com a publicação da Ordenança de Pisa, na Itália. O primeiro contrato (apólice) foi feito em 1347 e protegia os bens de um navegador que faria o transporte de mercadorias entre Gênova até a Ilha de Mallorca, na Espanha.</p>
<p>Os seguros evoluíram, portanto, na parte marítima. A primeira “apólice terrestre” surgiu apenas em 1488. Foi assinada em Florença para o rei Fernando I e garantia a indenização de uma coroa preciosa, já que a original seria transportada até Nápoles.</p>
<p>Em 1583 surgiu o primeiro seguro de vida, feito por William Gybbons, um empresário de Londres. Foi emitido para 16 mercadorias pertencentes à Câmara de Seguros.</p>
<p>Como podemos observar, os seguros estão presentes em nossas vidas desde muito tempo. Neste Dia do Seguro, vale o reforço de que estar protegido é sempre muito importante.</p>
<p>A Minuto Seguros faz sua parte e celebra essa data especial!</p>
<p>The post <a rel="nofollow" href="http://blogminuto.azurewebsites.net/seguros/dia-do-seguro-conheca-historia/">Dia do Seguro: conheça sua história</a> appeared first on <a rel="nofollow" href="http://blogminuto.azurewebsites.net">Blog Minuto</a>.</p>
<div class='yarpp-related-rss yarpp-related-none'>
<p>No related posts.</p>
</div>
]]></content:encoded>
			<wfw:commentRss>http://blogminuto.azurewebsites.net/seguros/dia-do-seguro-conheca-historia/feed/</wfw:commentRss>
		<slash:comments>0</slash:comments>
		</item>
		<item>
		<title>Duelo Spin x Idea: qual o valor do seguro auto?</title>
		<link>http://blogminuto.azurewebsites.net/carro/spin-idea-valor-seguro-auto/</link>
		<comments>http://blogminuto.azurewebsites.net/carro/spin-idea-valor-seguro-auto/#comments</comments>
		<pubDate>Wed, 13 May 2015 15:01:57 +0000</pubDate>
		<dc:creator><![CDATA[Ique Muniz]]></dc:creator>
				<category><![CDATA[Carro]]></category>
		<category><![CDATA[Imprensa]]></category>

		<guid isPermaLink="false">http://blogminuto.azurewebsites.net/?p=14471</guid>
		<description><![CDATA[<p>O consumidor que busca um carro para comprar está sempre de olho em modelos semelhantes para comparar qual a melhor alternativa. Diante de tantas opções, é&#8230;</p>
<p>The post <a rel="nofollow" href="http://blogminuto.azurewebsites.net/carro/spin-idea-valor-seguro-auto/">Duelo Spin x Idea: qual o valor do seguro auto?</a> appeared first on <a rel="nofollow" href="http://blogminuto.azurewebsites.net">Blog Minuto</a>.</p>
<div class='yarpp-related-rss'>
Leia Também:
<li><a href="http://blogminuto.azurewebsites.net/carro/minuto-seguros-levantamento-seguro-suvs/" rel="bookmark" title="Minuto Seguros faz levantamento de seguro para SUVs">Minuto Seguros faz levantamento de seguro para SUVs </a></li>
<li><a href="http://blogminuto.azurewebsites.net/carro/seguro-dos-carros-vendidos-fevereiro/" rel="bookmark" title="O seguro dos carros mais vendidos em Fevereiro">O seguro dos carros mais vendidos em Fevereiro </a></li>
<li><a href="http://blogminuto.azurewebsites.net/carro/duelo-march-ka-seguro-auto/" rel="bookmark" title="O duelo March x Ka e o valor do seguro auto">O duelo March x Ka e o valor do seguro auto </a></li>
</ol>
</div>
]]></description>
				<content:encoded><![CDATA[<p><a href="http://blogminuto.azurewebsites.net/wp-content/uploads/2015/05/spin.jpg"><img class="alignright  wp-image-14481" src="http://blogminuto.azurewebsites.net/wp-content/uploads/2015/05/spin.jpg" alt="seguro auto Spin" width="233" height="168" /></a>O consumidor que busca um carro para comprar está sempre de olho em modelos semelhantes para comparar qual a melhor alternativa. Diante de tantas opções, é natural ter dúvidas e procurar por fontes que ajudem o comprador nessa tomada de decisão.</p>
<p>O <strong>Jornal do Carro</strong>, um dos veículos mais conhecidos do segmento, faz com regularidade duelos entre automóveis. A intenção é comparar todos os quesitos para que o futuro consumidor saiba qual escolher com mais segurança.</p>
<p>A reportagem dessa semana trouxe o embate entre dois “carros de família”. O <a href="http://www.minutoseguros.com.br/carros/chevrolet/spin" target="_blank"><strong>Chevrolet Spin</strong></a> e o <a href="http://www.minutoseguros.com.br/carros/fiat/idea" target="_blank"><strong>Fiat Idea</strong></a> são alternativas para famílias que buscam conforto, espaço e segurança. Além de avaliar o preço, a matéria aborda visual, posição de dirigir, especificações técnicas e manutenção.</p>
<p>Outro item bastante observado pelo Jornal do Carro é o <strong><a href="http://www.minutoseguros.com.br/seguros/seguro-carro" target="_blank">seguro auto</a></strong>. Importante para qualquer perfil, o seguro é levado em consideração para quem está organizando suas finanças para investir em um veículo.</p>
<p>Nesse momento, a Minuto Seguros contribui com o jornal, oferecendo cotações para compor o duelo comparativo. Em nossa avaliação, o Fiat Idea apresentou um seguro mais barato que o rival Spin.</p>
<p>Quer saber quem ganhou a disputa como um todo? Acesse a reportagem <a href="http://www.estadao.com.br/jornal-do-carro/noticias/carros,spin-e-idea-fazem-disputa-de-aventureiros,24342,0.htm" target="_blank">aqui</a>. E conte nos comentários abaixo qual o seu preferido.</p>
<p>The post <a rel="nofollow" href="http://blogminuto.azurewebsites.net/carro/spin-idea-valor-seguro-auto/">Duelo Spin x Idea: qual o valor do seguro auto?</a> appeared first on <a rel="nofollow" href="http://blogminuto.azurewebsites.net">Blog Minuto</a>.</p>
<div class='yarpp-related-rss'>
Leia Também:
<li><a href="http://blogminuto.azurewebsites.net/carro/minuto-seguros-levantamento-seguro-suvs/" rel="bookmark" title="Minuto Seguros faz levantamento de seguro para SUVs">Minuto Seguros faz levantamento de seguro para SUVs </a></li>
<li><a href="http://blogminuto.azurewebsites.net/carro/seguro-dos-carros-vendidos-fevereiro/" rel="bookmark" title="O seguro dos carros mais vendidos em Fevereiro">O seguro dos carros mais vendidos em Fevereiro </a></li>
<li><a href="http://blogminuto.azurewebsites.net/carro/duelo-march-ka-seguro-auto/" rel="bookmark" title="O duelo March x Ka e o valor do seguro auto">O duelo March x Ka e o valor do seguro auto </a></li>
</ol>
</div>
]]></content:encoded>
			<wfw:commentRss>http://blogminuto.azurewebsites.net/carro/spin-idea-valor-seguro-auto/feed/</wfw:commentRss>
		<slash:comments>0</slash:comments>
		</item>
		<item>
		<title>Empresa promete o smartphone mais seguro do mundo</title>
		<link>http://blogminuto.azurewebsites.net/eletronico/empresa-smartphone-mais-seguro-mundo/</link>
		<comments>http://blogminuto.azurewebsites.net/eletronico/empresa-smartphone-mais-seguro-mundo/#comments</comments>
		<pubDate>Tue, 12 May 2015 19:40:30 +0000</pubDate>
		<dc:creator><![CDATA[Ique Muniz]]></dc:creator>
				<category><![CDATA[Eletrônico]]></category>

		<guid isPermaLink="false">http://blogminuto.azurewebsites.net/?p=14431</guid>
		<description><![CDATA[<p>Com o passar do tempo, muitas empresas independentes e de outros ramos da tecnologia resolveram se aventurar no meio dos smartphones. Com a popularização do aparelho,&#8230;</p>
<p>The post <a rel="nofollow" href="http://blogminuto.azurewebsites.net/eletronico/empresa-smartphone-mais-seguro-mundo/">Empresa promete o smartphone mais seguro do mundo</a> appeared first on <a rel="nofollow" href="http://blogminuto.azurewebsites.net">Blog Minuto</a>.</p>
<div class='yarpp-related-rss yarpp-related-none'>

No related posts.
</div>
]]></description>
				<content:encoded><![CDATA[<p><a href="http://blogminuto.azurewebsites.net/wp-content/uploads/2015/05/turing-phone.jpg"><img class="alignright  wp-image-14441" src="http://blogminuto.azurewebsites.net/wp-content/uploads/2015/05/turing-phone.jpg" alt="Smartphone seguro" width="238" height="184" /></a>Com o passar do tempo, muitas empresas independentes e de outros ramos da tecnologia resolveram se aventurar no meio dos smartphones. Com a popularização do aparelho, o consumidor ganhou opções.</p>
<p>Uma dessas empresas é a Turing Robotics Industries, com base na China e nos Estados Unidos, que anunciou recentemente um projeto que promete mexer com o mercado de celulares, especialmente num quesito importante: a segurança da informação.</p>
<p>O <strong>Turing Phone</strong>, que está em desenvolvimento e deve ser lançado ainda este ano, tem o conceito de ser o <strong>smartphone mais seguro do mundo</strong> por dentro e por fora. Ele oferece um servidor isolado e grátis que cria uma comunicação criptografada, além de ter leitor biométrico e sistema de carregamento magnético. Em outras palavras, são diversos itens de segurança que lacram o aparelho contra invasores com mais eficiência que os concorrentes.</p>
<p>Além disso, o material utilizado para revestir o smartphone é o “liquidmorphium”, uma liga metálica mais resistente que aço e titânio, impossível de ser dobrada e fortíssima contra pancadas e quedas.</p>
<p>Entre as especificações, destacam o processador quad-core de 2,5 GHz, memória de 3 Gb, uma potente bateria de 3.000 mAh e tela de 5,5 polegadas. A previsão de lançamento do Turing Phone é para agosto no mercado americano e seu preço não deve ser barato, de US$ 700 a 900.</p>
<p>Além de segurança, o dono de celular deve procurar também ter um apoio extra em caso de problemas graves como roubo ou furto. Por isso, o <strong><a href="http://www.minutoseguros.com.br/seguros/seguro-eletronico-novo">seguro de smartphone</a></strong> está disponível na Minuto Seguros para contratação. Pense nessa alternativa!</p>
<p>The post <a rel="nofollow" href="http://blogminuto.azurewebsites.net/eletronico/empresa-smartphone-mais-seguro-mundo/">Empresa promete o smartphone mais seguro do mundo</a> appeared first on <a rel="nofollow" href="http://blogminuto.azurewebsites.net">Blog Minuto</a>.</p>
<div class='yarpp-related-rss yarpp-related-none'>
<p>No related posts.</p>
</div>
]]></content:encoded>
			<wfw:commentRss>http://blogminuto.azurewebsites.net/eletronico/empresa-smartphone-mais-seguro-mundo/feed/</wfw:commentRss>
		<slash:comments>0</slash:comments>
		</item>
		<item>
		<title>Conheça o Astrônomo no novo filme da Minuto Seguros</title>
		<link>http://blogminuto.azurewebsites.net/imprensa/astronomo-novo-filme-minuto-seguros/</link>
		<comments>http://blogminuto.azurewebsites.net/imprensa/astronomo-novo-filme-minuto-seguros/#comments</comments>
		<pubDate>Mon, 11 May 2015 15:25:59 +0000</pubDate>
		<dc:creator><![CDATA[Ique Muniz]]></dc:creator>
				<category><![CDATA[Imprensa]]></category>

		<guid isPermaLink="false">http://blogminuto.azurewebsites.net/?p=14381</guid>
		<description><![CDATA[<p>A Minuto Seguros lançou, nesta segunda-feira, o segundo vídeo de sua campanha publicitária, que chama atenção para os detalhes e valoriza a função do corretor. Denominado&#8230;</p>
<p>The post <a rel="nofollow" href="http://blogminuto.azurewebsites.net/imprensa/astronomo-novo-filme-minuto-seguros/">Conheça o Astrônomo no novo filme da Minuto Seguros</a> appeared first on <a rel="nofollow" href="http://blogminuto.azurewebsites.net">Blog Minuto</a>.</p>
<div class='yarpp-related-rss yarpp-related-none'>

No related posts.
</div>
]]></description>
				<content:encoded><![CDATA[<p><a href="http://blogminuto.azurewebsites.net/wp-content/uploads/2015/05/astronomo.jpg"><img class="alignright  wp-image-14391" src="http://blogminuto.azurewebsites.net/wp-content/uploads/2015/05/astronomo.jpg" alt="Astrônomo Minuto Seguros" width="255" height="190" /></a>A Minuto Seguros lançou, nesta segunda-feira, o segundo vídeo de sua <a href="http://www.minutoseguros.com.br/blog/imprensa/minuto-seguros-estreia-campanha-publicitaria/">campanha publicitária</a>, que chama atenção para os detalhes e valoriza a função do corretor.</p>
<p>Denominado “<strong>Astrônomo</strong>”, o filme mostra um profissional capacitado em ação realizando estudos e descobertas no céu. O trabalho minucioso exige um olhar clínico apurado e muita atenção.</p>
<p>Mas até mesmo os mais detalhistas vacilam e o astrônomo deixou passar batido que em seu seguro não havia a contratação de carro reserva.</p>
<p>No filme “Astrônomo”, a CP+B e a produtora Pródigo Films escolheram o Pico dos Dias, observatório mais alto do Brasil, para servir de cenário. Situado em Itajubá (MG) o local a 1.800m de altitude nunca havia recebido uma equipe de produção</p>
<p>Assim como aconteceu com o “Olheiro”, a nova propaganda tem veiculação na Internet (redes sociais e Youtube) e em canais de TV como Bandeirantes (programa Terceiro Tempo, do Milton Neves), Fox Sports, GloboNews e Viva.</p>
<p>Assista ao vídeo:</p>
<p><iframe src="https://www.youtube.com/embed/FHTbBUH0dhY" width="560" height="315" frameborder="0" allowfullscreen="allowfullscreen"></iframe></p>
<p>The post <a rel="nofollow" href="http://blogminuto.azurewebsites.net/imprensa/astronomo-novo-filme-minuto-seguros/">Conheça o Astrônomo no novo filme da Minuto Seguros</a> appeared first on <a rel="nofollow" href="http://blogminuto.azurewebsites.net">Blog Minuto</a>.</p>
<div class='yarpp-related-rss yarpp-related-none'>
<p>No related posts.</p>
</div>
]]></content:encoded>
			<wfw:commentRss>http://blogminuto.azurewebsites.net/imprensa/astronomo-novo-filme-minuto-seguros/feed/</wfw:commentRss>
		<slash:comments>0</slash:comments>
		</item>
		<item>
		<title>Características essenciais dos carros das mães</title>
		<link>http://blogminuto.azurewebsites.net/carro/caracteristicas-essenciais-carros-das-maes/</link>
		<comments>http://blogminuto.azurewebsites.net/carro/caracteristicas-essenciais-carros-das-maes/#comments</comments>
		<pubDate>Fri, 08 May 2015 21:39:59 +0000</pubDate>
		<dc:creator><![CDATA[Ique Muniz]]></dc:creator>
				<category><![CDATA[Carro]]></category>

		<guid isPermaLink="false">http://blogminuto.azurewebsites.net/?p=14351</guid>
		<description><![CDATA[<p>Não é de hoje que as mulheres estão com forte presença no mercado de carros. Para se ter uma ideia, uma pesquisa feita pela Renault em&#8230;</p>
<p>The post <a rel="nofollow" href="http://blogminuto.azurewebsites.net/carro/caracteristicas-essenciais-carros-das-maes/">Características essenciais dos carros das mães</a> appeared first on <a rel="nofollow" href="http://blogminuto.azurewebsites.net">Blog Minuto</a>.</p>
<div class='yarpp-related-rss yarpp-related-none'>

No related posts.
</div>
]]></description>
				<content:encoded><![CDATA[<p><a href="http://blogminuto.azurewebsites.net/wp-content/uploads/2015/05/15-05-08-conforto-e-seguranca-thumb.jpg"><img class="alignright  wp-image-14361" src="http://blogminuto.azurewebsites.net/wp-content/uploads/2015/05/15-05-08-conforto-e-seguranca-thumb.jpg" alt="carro das mães" width="260" height="188" /></a>Não é de hoje que as mulheres estão com forte presença no mercado de carros. Para se ter uma ideia, uma pesquisa feita pela Renault em 2011 apontava que elas eram responsáveis por 40% das compras de veículos.</p>
<p>E ao olhar um automóvel para comprar, o que será que elas pensam? Segundo o levantamento da montadora francesa, o foco das mulheres está no preço, na beleza e no conforto, mas quando elas se tornam mães, a segurança entra em cena, ao lado do conforto.</p>
<p>Depois da maternidade, os critérios para escolher um veículo mudam. Antes, bom era aquele que conta com um porta-malas que acomode bagagens de um ou dois adultos numa viagem, além das compras do supermercado. Depois, seria bom que acomodasse, além de muitas malas, um carrinho de passeio, por exemplo. Antes, qualquer banco traseiro parecia espaçoso. Depois, espaçoso mesmo é aquele que comporta duas cadeirinhas e mais um adulto.</p>
<p>Em se tratando de carros das mães, tudo deve preciso ser visto com outros olhos. Os filhos menores, por exemplo, precisam daquela cadeirinha bebê conforto para serem transportados. A Proteste Associação de Consumidores já apontou que alguns modelos não são compatíveis com todos os carros populares de pequeno porte porque o cinto de segurança não é comprido o suficiente.</p>
<p>Outro ponto importante, além do espaço, é o sistema de abertura de portas. Nada é mais frustrante que um carro que dificulta a colocação de cadeirinha, acomodando a criança no banco de trás.</p>
<p>Alguns modelos já pensam nas mães e trazem vantagens importantes, como acessórios de carro que auxiliam no dia a dia como bandeja, porta objetos e até DVD.</p>
<p>Além disso, ter um <a href="http://www.minutoseguros.com.br/seguros/seguro-carro" target="_blank"><strong>seguro de carro</strong></a> é fundamental para elas, uma vez que o produto cuida de um bem importante do patrimônio.</p>
<p>The post <a rel="nofollow" href="http://blogminuto.azurewebsites.net/carro/caracteristicas-essenciais-carros-das-maes/">Características essenciais dos carros das mães</a> appeared first on <a rel="nofollow" href="http://blogminuto.azurewebsites.net">Blog Minuto</a>.</p>
<div class='yarpp-related-rss yarpp-related-none'>
<p>No related posts.</p>
</div>
]]></content:encoded>
			<wfw:commentRss>http://blogminuto.azurewebsites.net/carro/caracteristicas-essenciais-carros-das-maes/feed/</wfw:commentRss>
		<slash:comments>0</slash:comments>
		</item>
		<item>
		<title>Acessórios de carro úteis para as mamães</title>
		<link>http://blogminuto.azurewebsites.net/carro/acessorios-de-carro-uteis-mamaes/</link>
		<comments>http://blogminuto.azurewebsites.net/carro/acessorios-de-carro-uteis-mamaes/#comments</comments>
		<pubDate>Thu, 07 May 2015 17:21:55 +0000</pubDate>
		<dc:creator><![CDATA[Ique Muniz]]></dc:creator>
				<category><![CDATA[Carro]]></category>

		<guid isPermaLink="false">http://blogminuto.azurewebsites.net/?p=14322</guid>
		<description><![CDATA[<p>A vida atual de uma mãe é bastante corrida. A mulher moderna lida com muitas tarefas, trabalha, auxilia a família e cuida dos filhos. No dia&#8230;</p>
<p>The post <a rel="nofollow" href="http://blogminuto.azurewebsites.net/carro/acessorios-de-carro-uteis-mamaes/">Acessórios de carro úteis para as mamães</a> appeared first on <a rel="nofollow" href="http://blogminuto.azurewebsites.net">Blog Minuto</a>.</p>
<div class='yarpp-related-rss yarpp-related-none'>

No related posts.
</div>
]]></description>
				<content:encoded><![CDATA[<p><a href="http://blogminuto.azurewebsites.net/wp-content/uploads/2015/05/acessorios-mamaes.jpg"><img class="alignright  wp-image-14331" src="http://blogminuto.azurewebsites.net/wp-content/uploads/2015/05/acessorios-mamaes.jpg" alt="acessorios-mamaes" width="238" height="179" /></a>A vida atual de uma mãe é bastante corrida. A mulher moderna lida com muitas tarefas, trabalha, auxilia a família e cuida dos filhos.</p>
<p>No dia a dia, levar a criança para casa ou para a escola pode ser uma missão bastante árdua, especialmente em grandes cidades onde o trânsito costuma atrapalhar com frequência. Diante disso, existe uma série de itens que podem ajudar as mamães a manter os pequenos focados, mais calmos, evitando distrações que podem até causar um acidente.</p>
<p>Veja abaixo uma lista de acessórios de carro para as mães:</p>
<p>&#8211; <strong>DVD</strong>: é um item bastante eficiente, já que dificilmente a criança não se importa com o seu desenho favorito passando na tela. Uma alternativa para o DVD automotivo é o tablet, que já conta com suporte para veículos.</p>
<p>&#8211; <strong>Cadeirinha</strong>: existem diversos modelos que devem ser adotados de acordo com o período de vida do filho. Essencial para os pequenos entre 9 meses e 1 ano, o bebê conforto é o primeiro modelo a ser usado.</p>
<p>&#8211; <strong>Assento portátil</strong>: ideal para os filhos mais velhos (de 4 a 7 anos). Trata-se de outro banco, de altura elevada e com cinto de segurança para a proteção dos pequenos.</p>
<p>-<strong> Bandeja infantil</strong>: item extra que pode ser acoplado à cadeirinha, a bandeja é boa para incrementar o passeio. Serve tanto para lanche como para um espaço para brincar.</p>
<p>&#8211; <strong>Organizador de brinquedos</strong>: ao prender na parte traseira do banco, a mamãe ganha um porta objetos para guardar os brinquedos e evitar muita bagunça no veículo.</p>
<p>Existem ainda outros acessórios que podem ajudar bastante, o importante é que eles tragam benefícios não só para a criança, mas também para que a mãe dirija com mais tranquilidade e foco no trânsito.</p>
<p>The post <a rel="nofollow" href="http://blogminuto.azurewebsites.net/carro/acessorios-de-carro-uteis-mamaes/">Acessórios de carro úteis para as mamães</a> appeared first on <a rel="nofollow" href="http://blogminuto.azurewebsites.net">Blog Minuto</a>.</p>
<div class='yarpp-related-rss yarpp-related-none'>
<p>No related posts.</p>
</div>
]]></content:encoded>
			<wfw:commentRss>http://blogminuto.azurewebsites.net/carro/acessorios-de-carro-uteis-mamaes/feed/</wfw:commentRss>
		<slash:comments>0</slash:comments>
		</item>
		<item>
		<title>Top 10 causas de acidentes de trabalho</title>
		<link>http://blogminuto.azurewebsites.net/seguros/top-10-causas-acidentes-trabalho/</link>
		<comments>http://blogminuto.azurewebsites.net/seguros/top-10-causas-acidentes-trabalho/#comments</comments>
		<pubDate>Wed, 06 May 2015 19:27:08 +0000</pubDate>
		<dc:creator><![CDATA[Ique Muniz]]></dc:creator>
				<category><![CDATA[Seguros]]></category>

		<guid isPermaLink="false">http://blogminuto.azurewebsites.net/?p=14291</guid>
		<description><![CDATA[<p>Cuidar dos colaboradores e do ambiente de trabalho é uma das tarefas mais importantes de um gestor. Mesmo assim, não é possível prever quando um acidente&#8230;</p>
<p>The post <a rel="nofollow" href="http://blogminuto.azurewebsites.net/seguros/top-10-causas-acidentes-trabalho/">Top 10 causas de acidentes de trabalho</a> appeared first on <a rel="nofollow" href="http://blogminuto.azurewebsites.net">Blog Minuto</a>.</p>
<div class='yarpp-related-rss yarpp-related-none'>

No related posts.
</div>
]]></description>
				<content:encoded><![CDATA[<p><a href="http://blogminuto.azurewebsites.net/wp-content/uploads/2015/05/10-acidente-de-trabalho.jpg"><img class="alignright  wp-image-14301" src="http://blogminuto.azurewebsites.net/wp-content/uploads/2015/05/10-acidente-de-trabalho.jpg" alt="acidentes de trabalho" width="249" height="174" /></a>Cuidar dos colaboradores e do ambiente de trabalho é uma das tarefas mais importantes de um gestor. Mesmo assim, não é possível prever quando um <strong>acidente de trabalho</strong> pode afetar a empresa.</p>
<p>Mesmo que tendo um <strong><a href="http://www.minutoseguros.com.br/seguros-para-empresa/seguro-vida-empresarial" target="_blank">seguro de vida em grupo</a></strong>, que protege a família de seus funcionários, nenhum local quer passar pela situação de ver um acidente prejudicando a empresa em diversos aspectos.</p>
<p>Pensando nisso, apresentamos abaixo o top 10 de causas mais comuns de acidentes de trabalho. Assim, um gestor ou dono de negócio pode ficar atento para deixar o ambiente ainda mais adequado para todos.</p>
<p>&#8211; <strong>Fadiga</strong>: entre as causas mais frequentes, o cansaço físico e mental costuma levar o colaborador a cometer deslizes, distrações e até um erro grave que pode lhe custar a vida. Cuidar do bem estar é fundamental.</p>
<p>&#8211; <strong>Estresse</strong>: outro problema emocional bastante comum. A pressão constante por resultados e a carga elevada de trabalho são alguns dos exemplos que podem deixar alguém estressado e, consequentemente, sujeito à acidentes.</p>
<p>&#8211; <strong>Escorregões</strong>: a limpeza deve ser constante no ambiente, mas é preciso sinalizar bem para evitar deslizes e tombos.</p>
<p>&#8211; <strong>Descaso</strong>: colocamos como descaso aquelas situações “incompletas” que aumentam o risco de acidentes. Itens deixados no corredor, um cabo mal escondido no chão, corredores e escadas mal iluminadas são alguns exemplos.</p>
<p>&#8211; <strong>Objetos</strong>: é importante a manutenção estar em dia para observar se móveis estão bem presos e se caixas estão bem guardadas nos armários. Esses deslizes são frequentes e perigosos.</p>
<p>&#8211; <strong>Materiais</strong>: quem trabalha com materiais perigosos é obrigado a usar equipamentos de segurança. No entanto, alguns cometem grave erro de correr sérios riscos.</p>
<p>&#8211; <strong>Repetições</strong>: existem diversas doenças e lesões que são causadas após anos de movimentos repetitivos. Cuide da saúde dos colaboradores evitando essa situação.</p>
<p>&#8211; <strong>Levantamento</strong>: pegar muito peso, abaixar e levantar com frequência são exercícios que, no futuro, podem gerar lesões sérias nas costas. Investir em uma ginástica laboral, por exemplo, é uma saída.</p>
<p>&#8211; <strong>Violência</strong>: é uma situação peculiar, mas a violência pode acontecer no ambiente de trabalho. Por isso, é importante manter o ambiente amigável e livre de problemas.</p>
<p>&#8211; <strong>Colisões</strong>: algumas pessoas são muito aceleradas que abrem portas bruscamente, viram rápido um corredor, resultando em trombadas que podem ser graves.</p>
<p>São situações, muitas vezes, comuns, mas que podem ser evitadas com alguma campanha de prevenção de acidentes. E lembre-se, o <strong><a href="http://www.minutoseguros.com.br/seguros-para-empresa/seguro-vida-empresarial">seguro de vida em grupo</a></strong> é um aliado importante em caso de problemas. Pense nisso!</p>
<p>The post <a rel="nofollow" href="http://blogminuto.azurewebsites.net/seguros/top-10-causas-acidentes-trabalho/">Top 10 causas de acidentes de trabalho</a> appeared first on <a rel="nofollow" href="http://blogminuto.azurewebsites.net">Blog Minuto</a>.</p>
<div class='yarpp-related-rss yarpp-related-none'>
<p>No related posts.</p>
</div>
]]></content:encoded>
			<wfw:commentRss>http://blogminuto.azurewebsites.net/seguros/top-10-causas-acidentes-trabalho/feed/</wfw:commentRss>
		<slash:comments>0</slash:comments>
		</item>
		<item>
		<title>Nelson, o olheiro, visita a Minuto Seguros</title>
		<link>http://blogminuto.azurewebsites.net/imprensa/nelson-olheiro-visita-minuto-seguros/</link>
		<comments>http://blogminuto.azurewebsites.net/imprensa/nelson-olheiro-visita-minuto-seguros/#comments</comments>
		<pubDate>Tue, 05 May 2015 22:29:08 +0000</pubDate>
		<dc:creator><![CDATA[Ique Muniz]]></dc:creator>
				<category><![CDATA[Imprensa]]></category>

		<guid isPermaLink="false">http://blogminuto.azurewebsites.net/?p=14211</guid>
		<description><![CDATA[<p>A Minuto Seguros lançou, em março, sua grande campanha publicitária com muito sucesso. Seu primeiro filme trouxe o olheiro como principal figura, o profissional do futebol&#8230;</p>
<p>The post <a rel="nofollow" href="http://blogminuto.azurewebsites.net/imprensa/nelson-olheiro-visita-minuto-seguros/">Nelson, o olheiro, visita a Minuto Seguros</a> appeared first on <a rel="nofollow" href="http://blogminuto.azurewebsites.net">Blog Minuto</a>.</p>
<div class='yarpp-related-rss yarpp-related-none'>

No related posts.
</div>
]]></description>
				<content:encoded><![CDATA[<p><a href="http://blogminuto.azurewebsites.net/wp-content/uploads/2015/05/Nelson-t.jpg"><img class="alignright size-full wp-image-14221" src="http://blogminuto.azurewebsites.net/wp-content/uploads/2015/05/Nelson-t.jpg" alt="Nelson Minuto Seguros" width="304" height="205" /></a>A <strong>Minuto Seguros</strong> lançou, em março, sua grande <a href="http://www.minutoseguros.com.br/blog/imprensa/minuto-seguros-estreia-campanha-publicitaria/" target="_blank">campanha publicitária</a> com muito sucesso. Seu primeiro filme trouxe o olheiro como principal figura, o profissional do futebol responsável por descobrir novos talentos.</p>
<p>O <strong>Nelson</strong> foi o nosso olheiro e, com o sucesso do comercial, tornou-se uma figura bastante conhecida.</p>
<p>No início dessa semana, ele esteve presente na Minuto Seguros. Além de conhecer toda a nossa estrutura, o Nelson foi peça chave na apresentação da nova campanha interna da corretora.</p>
<p>O olheiro se apresentou e, fazendo um paralelo com o futebol, mostrou para todos como a união é importante para alcançar os objetivos.</p>
<p>Após a apresentação, ele não deixou passar batido o carinho dos consultores, tirando fotos e conversando com cada um.</p>
<p><iframe src="https://www.youtube.com/embed/LTOyqDt6iVA?rel=0" width="560" height="315" frameborder="0" allowfullscreen="allowfullscreen"></iframe></p>
<p>The post <a rel="nofollow" href="http://blogminuto.azurewebsites.net/imprensa/nelson-olheiro-visita-minuto-seguros/">Nelson, o olheiro, visita a Minuto Seguros</a> appeared first on <a rel="nofollow" href="http://blogminuto.azurewebsites.net">Blog Minuto</a>.</p>
<div class='yarpp-related-rss yarpp-related-none'>
<p>No related posts.</p>
</div>
]]></content:encoded>
			<wfw:commentRss>http://blogminuto.azurewebsites.net/imprensa/nelson-olheiro-visita-minuto-seguros/feed/</wfw:commentRss>
		<slash:comments>0</slash:comments>
		</item>
		<item>
		<title>Minuto Seguros é destaque em matéria sobre tecnologia</title>
		<link>http://blogminuto.azurewebsites.net/imprensa/minuto-seguros-destaque-materia-tecnologia/</link>
		<comments>http://blogminuto.azurewebsites.net/imprensa/minuto-seguros-destaque-materia-tecnologia/#comments</comments>
		<pubDate>Mon, 04 May 2015 21:42:52 +0000</pubDate>
		<dc:creator><![CDATA[Ique Muniz]]></dc:creator>
				<category><![CDATA[Imprensa]]></category>

		<guid isPermaLink="false">http://blogminuto.azurewebsites.net/?p=14151</guid>
		<description><![CDATA[<p>Não é de hoje que a tecnologia vem auxiliando diversos setores empresariais. Com o meio dos seguros, a situação não é diferente. A edição de abril&#8230;</p>
<p>The post <a rel="nofollow" href="http://blogminuto.azurewebsites.net/imprensa/minuto-seguros-destaque-materia-tecnologia/">Minuto Seguros é destaque em matéria sobre tecnologia</a> appeared first on <a rel="nofollow" href="http://blogminuto.azurewebsites.net">Blog Minuto</a>.</p>
<div class='yarpp-related-rss yarpp-related-none'>

No related posts.
</div>
]]></description>
				<content:encoded><![CDATA[<p><a href="http://blogminuto.azurewebsites.net/wp-content/uploads/2015/05/tecnologia-seguros.jpg"><img class="alignright  wp-image-14181" src="http://blogminuto.azurewebsites.net/wp-content/uploads/2015/05/tecnologia-seguros.jpg" alt="Tecnologia nos seguros" width="239" height="178" /></a>Não é de hoje que a tecnologia vem auxiliando diversos setores empresariais. Com o meio dos seguros, a situação não é diferente.</p>
<p>A edição de abril da revista <strong>Ciab Febraban</strong> traz uma grande reportagem sobre o assunto, destacando que os investimentos em TI vêm impulsionando o mercado. Um estudo feito pela Geneva Association aponta que essas iniciativas vão determinar o sucesso ou o fracasso de uma empresa no setor.</p>
<p>“Com o avanço da tecnologia, os riscos mudam rapidamente. E quanto mais rápida a velocidade das mudanças, mais o modelo de negócio é desafiado”, afirma a pesquisa, que abordou empresas de seguro do mundo todo.</p>
<p>Entre as empresas envolvidas na reportagem feita pela revista, a <strong>Minuto Seguros</strong> é citada como a pioneira entre as corretoras. A mudança de estratégia, saindo do “apenas online” para criar o conceito multicanal, foi destaque:</p>
<p>“São inúmeros detalhes, termos específicos exigidos pela regulamentação e que podem fazer a diferença no pagamento de uma indenização. Por isso criamos o conceito de corretora multicanal, já que nossa principal preocupação é o cliente”, afirmou <strong>Marcelo Blay</strong>, CEO da Minuto, em entrevista.</p>
<p>Anúncios na web e buscas no Google são algumas das práticas mais comuns citadas na matéria. Segundo Fabio Coelho, presidente do buscador no Brasil, os brasileiros fazem mais de 10 milhões de pesquisas por seguro no site.</p>
<p>Leia toda a reportagem acessando o link da <a href="http://issuu.com/revistaciab/docs/revistaciab_56_abr15?e=15550915/12292334" target="_blank">revista Ciab Febraban</a> para mais detalhes. A matéria começa na página 20 e a Minuto é citada na página 30.</p>
<p>The post <a rel="nofollow" href="http://blogminuto.azurewebsites.net/imprensa/minuto-seguros-destaque-materia-tecnologia/">Minuto Seguros é destaque em matéria sobre tecnologia</a> appeared first on <a rel="nofollow" href="http://blogminuto.azurewebsites.net">Blog Minuto</a>.</p>
<div class='yarpp-related-rss yarpp-related-none'>
<p>No related posts.</p>
</div>
]]></content:encoded>
			<wfw:commentRss>http://blogminuto.azurewebsites.net/imprensa/minuto-seguros-destaque-materia-tecnologia/feed/</wfw:commentRss>
		<slash:comments>0</slash:comments>
		</item>
		<item>
		<title>SP lidera índice de sinistros por enchentes no país</title>
		<link>http://blogminuto.azurewebsites.net/carro/sp-indice-sinistros-enchentes-pais/</link>
		<comments>http://blogminuto.azurewebsites.net/carro/sp-indice-sinistros-enchentes-pais/#comments</comments>
		<pubDate>Thu, 30 Apr 2015 20:18:10 +0000</pubDate>
		<dc:creator><![CDATA[Ique Muniz]]></dc:creator>
				<category><![CDATA[Carro]]></category>

		<guid isPermaLink="false">http://blogminuto.azurewebsites.net/?p=14091</guid>
		<description><![CDATA[<p>2015 começou com os primeiros meses registrando muitas chuvas em grandes e pequenas cidades do Brasil. Consequentemente, os transtornos também foram consideráveis, causando danos nas ruas&#8230;</p>
<p>The post <a rel="nofollow" href="http://blogminuto.azurewebsites.net/carro/sp-indice-sinistros-enchentes-pais/">SP lidera índice de sinistros por enchentes no país</a> appeared first on <a rel="nofollow" href="http://blogminuto.azurewebsites.net">Blog Minuto</a>.</p>
<div class='yarpp-related-rss yarpp-related-none'>

No related posts.
</div>
]]></description>
				<content:encoded><![CDATA[<p><a href="http://blogminuto.azurewebsites.net/wp-content/uploads/2015/04/sinistro-por-enchente-thumb.jpg"><img class="alignright  wp-image-14101" src="http://blogminuto.azurewebsites.net/wp-content/uploads/2015/04/sinistro-por-enchente-thumb.jpg" alt="sinistro por enchentes" width="225" height="166" /></a>2015 começou com os primeiros meses registrando muitas chuvas em grandes e pequenas cidades do Brasil. Consequentemente, os transtornos também foram consideráveis, causando danos nas ruas e também nos carros.</p>
<p>Diante disso, uma pesquisa do Centro de Experimentação e Segurança Viária (Cesvi) procurou analisar a base de dados do Grupo BB e Mapfre para mapear os acidentes e ocorrências de sinistro causados por enchentes no país.</p>
<p>Analisando estatísticas de janeiro de 2011 a dezembro de 2014, o órgão avaliou pouco mais de 7 mil episódios. O resultado mostrou São Paulo como o estado que amplamente gera mais problemas por conta das chuvas.</p>
<p>A região ficou em primeiro no ranking com mais de 33% das ocorrências. Santa Catarina foi o segundo, com “apenas” 11% e Rio Grande do Sul fechou o pódio com 9%. Paraná (8,33%), Rio de Janeiro (7,28%) e Minas Gerais (5,96%) fecham a lista dos estados que, juntos, correspondem a 75% do total dos sinistros ocorridos por conta de enchentes.</p>
<p>Já abordamos aqui no Blog da Minuto algumas dicas do que fazer em caso de uma situação como essa. É importante manter a calma e buscar agir com rapidez para evitar que a enchente <a href="http://www.minutoseguros.com.br/blog/carro/enchentes-evitar-estraguem-carro/" target="_blank">danifique seu carro</a>.</p>
<p>Caso isso ocorra, deixe o veículo assim que possível e tenha no <strong><a href="http://www.minutoseguros.com.br/seguros/seguro-carro" target="_blank">seguro auto</a></strong> um importante aliado para conseguir lidar com o problema sem que haja prejuízos para o seu bolso posteriormente.</p>
<p>Veja mais detalhes sobre o estudo do Cesvi no site <a href="http://www.segs.com.br/seguros/39192-sao-paulo-lidera-sinistros-de-seguro-auto-por-enchente-no-brasil.html" target="_blank">Segs</a>.</p>
<p>The post <a rel="nofollow" href="http://blogminuto.azurewebsites.net/carro/sp-indice-sinistros-enchentes-pais/">SP lidera índice de sinistros por enchentes no país</a> appeared first on <a rel="nofollow" href="http://blogminuto.azurewebsites.net">Blog Minuto</a>.</p>
<div class='yarpp-related-rss yarpp-related-none'>
<p>No related posts.</p>
</div>
]]></content:encoded>
			<wfw:commentRss>http://blogminuto.azurewebsites.net/carro/sp-indice-sinistros-enchentes-pais/feed/</wfw:commentRss>
		<slash:comments>0</slash:comments>
		</item>
	</channel>
</rss>